{
  "best_global_step": null,
  "best_metric": null,
  "best_model_checkpoint": null,
  "epoch": 148.14814814814815,
  "eval_steps": 500,
  "global_step": 4000,
  "is_hyper_param_search": false,
  "is_local_process_zero": true,
  "is_world_process_zero": true,
  "log_history": [
    {
      "epoch": 1.8518518518518519,
      "grad_norm": 1.6538506746292114,
      "learning_rate": 4.938750000000001e-06,
      "loss": 2.9088,
      "step": 50
    },
    {
      "epoch": 3.7037037037037037,
      "grad_norm": 1.3995134830474854,
      "learning_rate": 4.87625e-06,
      "loss": 2.9149,
      "step": 100
    },
    {
      "epoch": 5.555555555555555,
      "grad_norm": 1.3251383304595947,
      "learning_rate": 4.81375e-06,
      "loss": 2.8921,
      "step": 150
    },
    {
      "epoch": 7.407407407407407,
      "grad_norm": 0.9840091466903687,
      "learning_rate": 4.7512500000000005e-06,
      "loss": 2.8666,
      "step": 200
    },
    {
      "epoch": 9.25925925925926,
      "grad_norm": 1.7544374465942383,
      "learning_rate": 4.688750000000001e-06,
      "loss": 2.9427,
      "step": 250
    },
    {
      "epoch": 11.11111111111111,
      "grad_norm": 2.0362889766693115,
      "learning_rate": 4.626250000000001e-06,
      "loss": 2.7695,
      "step": 300
    },
    {
      "epoch": 12.962962962962964,
      "grad_norm": 4.500371932983398,
      "learning_rate": 4.56375e-06,
      "loss": 2.8409,
      "step": 350
    },
    {
      "epoch": 14.814814814814815,
      "grad_norm": 1.8604519367218018,
      "learning_rate": 4.50125e-06,
      "loss": 2.8242,
      "step": 400
    },
    {
      "epoch": 16.666666666666668,
      "grad_norm": 2.294816493988037,
      "learning_rate": 4.4387500000000005e-06,
      "loss": 2.7918,
      "step": 450
    },
    {
      "epoch": 18.51851851851852,
      "grad_norm": 2.597306489944458,
      "learning_rate": 4.37625e-06,
      "loss": 2.7061,
      "step": 500
    },
    {
      "epoch": 20.37037037037037,
      "grad_norm": 2.75821852684021,
      "learning_rate": 4.313750000000001e-06,
      "loss": 2.7592,
      "step": 550
    },
    {
      "epoch": 22.22222222222222,
      "grad_norm": 3.767411470413208,
      "learning_rate": 4.25125e-06,
      "loss": 2.7598,
      "step": 600
    },
    {
      "epoch": 24.074074074074073,
      "grad_norm": 6.563010215759277,
      "learning_rate": 4.18875e-06,
      "loss": 2.6824,
      "step": 650
    },
    {
      "epoch": 25.925925925925927,
      "grad_norm": 2.5192019939422607,
      "learning_rate": 4.1262500000000005e-06,
      "loss": 2.6508,
      "step": 700
    },
    {
      "epoch": 27.77777777777778,
      "grad_norm": 3.646308422088623,
      "learning_rate": 4.06375e-06,
      "loss": 2.6621,
      "step": 750
    },
    {
      "epoch": 29.62962962962963,
      "grad_norm": 13.374994277954102,
      "learning_rate": 4.00125e-06,
      "loss": 2.6318,
      "step": 800
    },
    {
      "epoch": 31.48148148148148,
      "grad_norm": 3.8628742694854736,
      "learning_rate": 3.93875e-06,
      "loss": 2.5825,
      "step": 850
    },
    {
      "epoch": 33.333333333333336,
      "grad_norm": 3.1820173263549805,
      "learning_rate": 3.87625e-06,
      "loss": 2.6015,
      "step": 900
    },
    {
      "epoch": 35.18518518518518,
      "grad_norm": 2.2729527950286865,
      "learning_rate": 3.8137500000000005e-06,
      "loss": 2.5546,
      "step": 950
    },
    {
      "epoch": 37.03703703703704,
      "grad_norm": 2.603437662124634,
      "learning_rate": 3.7512500000000003e-06,
      "loss": 2.5573,
      "step": 1000
    },
    {
      "epoch": 38.888888888888886,
      "grad_norm": 1.896550178527832,
      "learning_rate": 3.6887500000000005e-06,
      "loss": 2.5294,
      "step": 1050
    },
    {
      "epoch": 40.74074074074074,
      "grad_norm": 3.772258996963501,
      "learning_rate": 3.6262500000000002e-06,
      "loss": 2.5347,
      "step": 1100
    },
    {
      "epoch": 42.592592592592595,
      "grad_norm": 2.0685579776763916,
      "learning_rate": 3.5637500000000004e-06,
      "loss": 2.5026,
      "step": 1150
    },
    {
      "epoch": 44.44444444444444,
      "grad_norm": 2.133446455001831,
      "learning_rate": 3.5012500000000006e-06,
      "loss": 2.4383,
      "step": 1200
    },
    {
      "epoch": 46.2962962962963,
      "grad_norm": 2.45784068107605,
      "learning_rate": 3.4387500000000003e-06,
      "loss": 2.45,
      "step": 1250
    },
    {
      "epoch": 48.148148148148145,
      "grad_norm": 3.593369722366333,
      "learning_rate": 3.3762500000000005e-06,
      "loss": 2.4191,
      "step": 1300
    },
    {
      "epoch": 50.0,
      "grad_norm": 2.41174578666687,
      "learning_rate": 3.31375e-06,
      "loss": 2.438,
      "step": 1350
    },
    {
      "epoch": 51.851851851851855,
      "grad_norm": 2.538489580154419,
      "learning_rate": 3.2512500000000004e-06,
      "loss": 2.3963,
      "step": 1400
    },
    {
      "epoch": 53.7037037037037,
      "grad_norm": 2.6421561241149902,
      "learning_rate": 3.1887500000000006e-06,
      "loss": 2.4493,
      "step": 1450
    },
    {
      "epoch": 55.55555555555556,
      "grad_norm": 2.2999773025512695,
      "learning_rate": 3.12625e-06,
      "loss": 2.3786,
      "step": 1500
    },
    {
      "epoch": 57.407407407407405,
      "grad_norm": 2.385991096496582,
      "learning_rate": 3.0637500000000005e-06,
      "loss": 2.3679,
      "step": 1550
    },
    {
      "epoch": 59.25925925925926,
      "grad_norm": 3.3106696605682373,
      "learning_rate": 3.00125e-06,
      "loss": 2.3309,
      "step": 1600
    },
    {
      "epoch": 61.111111111111114,
      "grad_norm": 2.71708083152771,
      "learning_rate": 2.93875e-06,
      "loss": 2.3363,
      "step": 1650
    },
    {
      "epoch": 62.96296296296296,
      "grad_norm": 2.671177625656128,
      "learning_rate": 2.8762500000000006e-06,
      "loss": 2.3296,
      "step": 1700
    },
    {
      "epoch": 64.81481481481481,
      "grad_norm": 2.8038132190704346,
      "learning_rate": 2.81375e-06,
      "loss": 2.3168,
      "step": 1750
    },
    {
      "epoch": 66.66666666666667,
      "grad_norm": 2.742172956466675,
      "learning_rate": 2.75125e-06,
      "loss": 2.3135,
      "step": 1800
    },
    {
      "epoch": 68.51851851851852,
      "grad_norm": 5.8220534324646,
      "learning_rate": 2.68875e-06,
      "loss": 2.2842,
      "step": 1850
    },
    {
      "epoch": 70.37037037037037,
      "grad_norm": 3.0625698566436768,
      "learning_rate": 2.62625e-06,
      "loss": 2.3009,
      "step": 1900
    },
    {
      "epoch": 72.22222222222223,
      "grad_norm": 2.94881010055542,
      "learning_rate": 2.5637500000000002e-06,
      "loss": 2.2421,
      "step": 1950
    },
    {
      "epoch": 74.07407407407408,
      "grad_norm": 5.4385199546813965,
      "learning_rate": 2.50125e-06,
      "loss": 2.2743,
      "step": 2000
    },
    {
      "epoch": 75.92592592592592,
      "grad_norm": 4.623724460601807,
      "learning_rate": 2.43875e-06,
      "loss": 2.2482,
      "step": 2050
    },
    {
      "epoch": 77.77777777777777,
      "grad_norm": 3.207594394683838,
      "learning_rate": 2.3762500000000003e-06,
      "loss": 2.2141,
      "step": 2100
    },
    {
      "epoch": 79.62962962962963,
      "grad_norm": 3.234494924545288,
      "learning_rate": 2.31375e-06,
      "loss": 2.2594,
      "step": 2150
    },
    {
      "epoch": 81.48148148148148,
      "grad_norm": 4.241966724395752,
      "learning_rate": 2.2512500000000003e-06,
      "loss": 2.1947,
      "step": 2200
    },
    {
      "epoch": 83.33333333333333,
      "grad_norm": 4.818647384643555,
      "learning_rate": 2.18875e-06,
      "loss": 2.2127,
      "step": 2250
    },
    {
      "epoch": 85.18518518518519,
      "grad_norm": 2.539626121520996,
      "learning_rate": 2.12625e-06,
      "loss": 2.1905,
      "step": 2300
    },
    {
      "epoch": 87.03703703703704,
      "grad_norm": 4.4602532386779785,
      "learning_rate": 2.0637500000000004e-06,
      "loss": 2.2302,
      "step": 2350
    },
    {
      "epoch": 88.88888888888889,
      "grad_norm": 6.076240062713623,
      "learning_rate": 2.00125e-06,
      "loss": 2.1601,
      "step": 2400
    },
    {
      "epoch": 90.74074074074075,
      "grad_norm": 4.6641740798950195,
      "learning_rate": 1.9387500000000003e-06,
      "loss": 2.1957,
      "step": 2450
    },
    {
      "epoch": 92.5925925925926,
      "grad_norm": 6.531296730041504,
      "learning_rate": 1.87625e-06,
      "loss": 2.2013,
      "step": 2500
    },
    {
      "epoch": 94.44444444444444,
      "grad_norm": 5.188645362854004,
      "learning_rate": 1.8137500000000002e-06,
      "loss": 2.1123,
      "step": 2550
    },
    {
      "epoch": 96.29629629629629,
      "grad_norm": 5.32865571975708,
      "learning_rate": 1.7512500000000002e-06,
      "loss": 2.2041,
      "step": 2600
    },
    {
      "epoch": 98.14814814814815,
      "grad_norm": 4.814373016357422,
      "learning_rate": 1.6887500000000001e-06,
      "loss": 2.1428,
      "step": 2650
    },
    {
      "epoch": 100.0,
      "grad_norm": 3.3282899856567383,
      "learning_rate": 1.62625e-06,
      "loss": 2.1366,
      "step": 2700
    },
    {
      "epoch": 101.85185185185185,
      "grad_norm": 3.219675064086914,
      "learning_rate": 1.56375e-06,
      "loss": 2.1319,
      "step": 2750
    },
    {
      "epoch": 103.70370370370371,
      "grad_norm": 3.0070302486419678,
      "learning_rate": 1.5012500000000002e-06,
      "loss": 2.1543,
      "step": 2800
    },
    {
      "epoch": 105.55555555555556,
      "grad_norm": 5.439937114715576,
      "learning_rate": 1.4387500000000002e-06,
      "loss": 2.1,
      "step": 2850
    },
    {
      "epoch": 107.4074074074074,
      "grad_norm": 24.893848419189453,
      "learning_rate": 1.3762500000000002e-06,
      "loss": 2.1286,
      "step": 2900
    },
    {
      "epoch": 109.25925925925925,
      "grad_norm": 3.366896390914917,
      "learning_rate": 1.3137500000000001e-06,
      "loss": 2.1166,
      "step": 2950
    },
    {
      "epoch": 111.11111111111111,
      "grad_norm": 3.9416871070861816,
      "learning_rate": 1.2512499999999999e-06,
      "loss": 2.1354,
      "step": 3000
    },
    {
      "epoch": 112.96296296296296,
      "grad_norm": 2.7398645877838135,
      "learning_rate": 1.18875e-06,
      "loss": 2.0985,
      "step": 3050
    },
    {
      "epoch": 114.81481481481481,
      "grad_norm": 23.245145797729492,
      "learning_rate": 1.12625e-06,
      "loss": 2.0835,
      "step": 3100
    },
    {
      "epoch": 116.66666666666667,
      "grad_norm": 3.575629711151123,
      "learning_rate": 1.06375e-06,
      "loss": 2.1106,
      "step": 3150
    },
    {
      "epoch": 118.51851851851852,
      "grad_norm": 3.5231170654296875,
      "learning_rate": 1.0012500000000002e-06,
      "loss": 2.107,
      "step": 3200
    },
    {
      "epoch": 120.37037037037037,
      "grad_norm": 3.4001262187957764,
      "learning_rate": 9.387500000000001e-07,
      "loss": 2.0769,
      "step": 3250
    },
    {
      "epoch": 122.22222222222223,
      "grad_norm": 2.687095880508423,
      "learning_rate": 8.7625e-07,
      "loss": 2.0798,
      "step": 3300
    },
    {
      "epoch": 124.07407407407408,
      "grad_norm": 2.7693681716918945,
      "learning_rate": 8.1375e-07,
      "loss": 2.1026,
      "step": 3350
    },
    {
      "epoch": 125.92592592592592,
      "grad_norm": 6.753775119781494,
      "learning_rate": 7.5125e-07,
      "loss": 2.0913,
      "step": 3400
    },
    {
      "epoch": 127.77777777777777,
      "grad_norm": 6.0511250495910645,
      "learning_rate": 6.887500000000001e-07,
      "loss": 2.0676,
      "step": 3450
    },
    {
      "epoch": 129.62962962962962,
      "grad_norm": 3.676767587661743,
      "learning_rate": 6.2625e-07,
      "loss": 2.079,
      "step": 3500
    },
    {
      "epoch": 131.4814814814815,
      "grad_norm": 3.8797974586486816,
      "learning_rate": 5.637500000000001e-07,
      "loss": 2.073,
      "step": 3550
    },
    {
      "epoch": 133.33333333333334,
      "grad_norm": 3.344572067260742,
      "learning_rate": 5.012500000000001e-07,
      "loss": 2.0574,
      "step": 3600
    },
    {
      "epoch": 135.1851851851852,
      "grad_norm": 3.665292263031006,
      "learning_rate": 4.3875000000000003e-07,
      "loss": 2.0671,
      "step": 3650
    },
    {
      "epoch": 137.03703703703704,
      "grad_norm": 2.7593541145324707,
      "learning_rate": 3.7625e-07,
      "loss": 2.0716,
      "step": 3700
    },
    {
      "epoch": 138.88888888888889,
      "grad_norm": 2.8719358444213867,
      "learning_rate": 3.1375e-07,
      "loss": 2.0756,
      "step": 3750
    },
    {
      "epoch": 140.74074074074073,
      "grad_norm": 6.078341007232666,
      "learning_rate": 2.5125000000000003e-07,
      "loss": 2.0601,
      "step": 3800
    },
    {
      "epoch": 142.59259259259258,
      "grad_norm": 5.758867263793945,
      "learning_rate": 1.8875000000000002e-07,
      "loss": 2.0495,
      "step": 3850
    },
    {
      "epoch": 144.44444444444446,
      "grad_norm": 4.026340007781982,
      "learning_rate": 1.2625e-07,
      "loss": 2.0766,
      "step": 3900
    },
    {
      "epoch": 146.2962962962963,
      "grad_norm": 4.458705902099609,
      "learning_rate": 6.375e-08,
      "loss": 2.058,
      "step": 3950
    },
    {
      "epoch": 148.14814814814815,
      "grad_norm": 6.005480766296387,
      "learning_rate": 1.25e-09,
      "loss": 2.0671,
      "step": 4000
    }
  ],
  "logging_steps": 50,
  "max_steps": 4000,
  "num_input_tokens_seen": 0,
  "num_train_epochs": 149,
  "save_steps": 500,
  "stateful_callbacks": {
    "TrainerControl": {
      "args": {
        "should_epoch_stop": false,
        "should_evaluate": false,
        "should_log": false,
        "should_save": true,
        "should_training_stop": true
      },
      "attributes": {}
    }
  },
  "total_flos": 1.2725929377792e+16,
  "train_batch_size": 1,
  "trial_name": null,
  "trial_params": null
}
