{
  "best_global_step": null,
  "best_metric": null,
  "best_model_checkpoint": null,
  "epoch": 333.3333333333333,
  "eval_steps": 10,
  "global_step": 1000,
  "is_hyper_param_search": false,
  "is_local_process_zero": true,
  "is_world_process_zero": true,
  "log_history": [
    {
      "epoch": 3.3333333333333335,
      "grad_norm": 1.432223916053772,
      "learning_rate": 4.965000000000001e-06,
      "loss": 2.6801,
      "step": 10
    },
    {
      "epoch": 3.3333333333333335,
      "eval_loss": 2.6557915210723877,
      "eval_runtime": 0.5778,
      "eval_samples_per_second": 10.385,
      "eval_steps_per_second": 1.731,
      "step": 10
    },
    {
      "epoch": 6.666666666666667,
      "grad_norm": 1.2866971492767334,
      "learning_rate": 4.92e-06,
      "loss": 2.7468,
      "step": 20
    },
    {
      "epoch": 6.666666666666667,
      "eval_loss": 2.65046763420105,
      "eval_runtime": 0.5529,
      "eval_samples_per_second": 10.851,
      "eval_steps_per_second": 1.808,
      "step": 20
    },
    {
      "epoch": 10.0,
      "grad_norm": 1.9131109714508057,
      "learning_rate": 4.875e-06,
      "loss": 2.6627,
      "step": 30
    },
    {
      "epoch": 10.0,
      "eval_loss": 2.646186590194702,
      "eval_runtime": 0.5737,
      "eval_samples_per_second": 10.458,
      "eval_steps_per_second": 1.743,
      "step": 30
    },
    {
      "epoch": 13.333333333333334,
      "grad_norm": 1.3469270467758179,
      "learning_rate": 4.825e-06,
      "loss": 2.6043,
      "step": 40
    },
    {
      "epoch": 13.333333333333334,
      "eval_loss": 2.6385915279388428,
      "eval_runtime": 0.5553,
      "eval_samples_per_second": 10.805,
      "eval_steps_per_second": 1.801,
      "step": 40
    },
    {
      "epoch": 16.666666666666668,
      "grad_norm": 1.5128592252731323,
      "learning_rate": 4.775e-06,
      "loss": 2.6361,
      "step": 50
    },
    {
      "epoch": 16.666666666666668,
      "eval_loss": 2.6406185626983643,
      "eval_runtime": 0.5776,
      "eval_samples_per_second": 10.388,
      "eval_steps_per_second": 1.731,
      "step": 50
    },
    {
      "epoch": 20.0,
      "grad_norm": 2.9331421852111816,
      "learning_rate": 4.7250000000000005e-06,
      "loss": 2.7487,
      "step": 60
    },
    {
      "epoch": 20.0,
      "eval_loss": 2.63449764251709,
      "eval_runtime": 0.5614,
      "eval_samples_per_second": 10.687,
      "eval_steps_per_second": 1.781,
      "step": 60
    },
    {
      "epoch": 23.333333333333332,
      "grad_norm": 1.5473296642303467,
      "learning_rate": 4.675000000000001e-06,
      "loss": 2.7094,
      "step": 70
    },
    {
      "epoch": 23.333333333333332,
      "eval_loss": 2.6173365116119385,
      "eval_runtime": 0.5562,
      "eval_samples_per_second": 10.787,
      "eval_steps_per_second": 1.798,
      "step": 70
    },
    {
      "epoch": 26.666666666666668,
      "grad_norm": 1.8760285377502441,
      "learning_rate": 4.625000000000001e-06,
      "loss": 2.6992,
      "step": 80
    },
    {
      "epoch": 26.666666666666668,
      "eval_loss": 2.6042592525482178,
      "eval_runtime": 0.5529,
      "eval_samples_per_second": 10.851,
      "eval_steps_per_second": 1.809,
      "step": 80
    },
    {
      "epoch": 30.0,
      "grad_norm": 2.593961000442505,
      "learning_rate": 4.575e-06,
      "loss": 2.637,
      "step": 90
    },
    {
      "epoch": 30.0,
      "eval_loss": 2.6028711795806885,
      "eval_runtime": 0.5597,
      "eval_samples_per_second": 10.719,
      "eval_steps_per_second": 1.787,
      "step": 90
    },
    {
      "epoch": 33.333333333333336,
      "grad_norm": 1.361309289932251,
      "learning_rate": 4.530000000000001e-06,
      "loss": 2.8731,
      "step": 100
    },
    {
      "epoch": 33.333333333333336,
      "eval_loss": 2.6016523838043213,
      "eval_runtime": 0.5535,
      "eval_samples_per_second": 10.84,
      "eval_steps_per_second": 1.807,
      "step": 100
    },
    {
      "epoch": 36.666666666666664,
      "grad_norm": 1.471215844154358,
      "learning_rate": 4.485e-06,
      "loss": 2.751,
      "step": 110
    },
    {
      "epoch": 36.666666666666664,
      "eval_loss": 2.590949296951294,
      "eval_runtime": 0.5551,
      "eval_samples_per_second": 10.809,
      "eval_steps_per_second": 1.801,
      "step": 110
    },
    {
      "epoch": 40.0,
      "grad_norm": 3.1016106605529785,
      "learning_rate": 4.435000000000001e-06,
      "loss": 2.6442,
      "step": 120
    },
    {
      "epoch": 40.0,
      "eval_loss": 2.5860300064086914,
      "eval_runtime": 0.5817,
      "eval_samples_per_second": 10.315,
      "eval_steps_per_second": 1.719,
      "step": 120
    },
    {
      "epoch": 43.333333333333336,
      "grad_norm": 1.5228735208511353,
      "learning_rate": 4.385e-06,
      "loss": 2.6821,
      "step": 130
    },
    {
      "epoch": 43.333333333333336,
      "eval_loss": 2.5827572345733643,
      "eval_runtime": 0.5562,
      "eval_samples_per_second": 10.788,
      "eval_steps_per_second": 1.798,
      "step": 130
    },
    {
      "epoch": 46.666666666666664,
      "grad_norm": 1.5169497728347778,
      "learning_rate": 4.335e-06,
      "loss": 2.5714,
      "step": 140
    },
    {
      "epoch": 46.666666666666664,
      "eval_loss": 2.5802438259124756,
      "eval_runtime": 0.562,
      "eval_samples_per_second": 10.676,
      "eval_steps_per_second": 1.779,
      "step": 140
    },
    {
      "epoch": 50.0,
      "grad_norm": 5.018286228179932,
      "learning_rate": 4.2850000000000005e-06,
      "loss": 2.6227,
      "step": 150
    },
    {
      "epoch": 50.0,
      "eval_loss": 2.5692460536956787,
      "eval_runtime": 0.5671,
      "eval_samples_per_second": 10.579,
      "eval_steps_per_second": 1.763,
      "step": 150
    },
    {
      "epoch": 53.333333333333336,
      "grad_norm": 1.654130220413208,
      "learning_rate": 4.235e-06,
      "loss": 2.5236,
      "step": 160
    },
    {
      "epoch": 53.333333333333336,
      "eval_loss": 2.5529000759124756,
      "eval_runtime": 0.568,
      "eval_samples_per_second": 10.564,
      "eval_steps_per_second": 1.761,
      "step": 160
    },
    {
      "epoch": 56.666666666666664,
      "grad_norm": 1.3535019159317017,
      "learning_rate": 4.185000000000001e-06,
      "loss": 2.5964,
      "step": 170
    },
    {
      "epoch": 56.666666666666664,
      "eval_loss": 2.5452120304107666,
      "eval_runtime": 0.5559,
      "eval_samples_per_second": 10.793,
      "eval_steps_per_second": 1.799,
      "step": 170
    },
    {
      "epoch": 60.0,
      "grad_norm": 2.7730298042297363,
      "learning_rate": 4.135e-06,
      "loss": 2.5879,
      "step": 180
    },
    {
      "epoch": 60.0,
      "eval_loss": 2.5451138019561768,
      "eval_runtime": 0.5651,
      "eval_samples_per_second": 10.618,
      "eval_steps_per_second": 1.77,
      "step": 180
    },
    {
      "epoch": 63.333333333333336,
      "grad_norm": 1.8361181020736694,
      "learning_rate": 4.085e-06,
      "loss": 2.5733,
      "step": 190
    },
    {
      "epoch": 63.333333333333336,
      "eval_loss": 2.5454485416412354,
      "eval_runtime": 0.5544,
      "eval_samples_per_second": 10.822,
      "eval_steps_per_second": 1.804,
      "step": 190
    },
    {
      "epoch": 66.66666666666667,
      "grad_norm": 2.0404930114746094,
      "learning_rate": 4.035e-06,
      "loss": 2.4878,
      "step": 200
    },
    {
      "epoch": 66.66666666666667,
      "eval_loss": 2.5340354442596436,
      "eval_runtime": 0.5869,
      "eval_samples_per_second": 10.223,
      "eval_steps_per_second": 1.704,
      "step": 200
    },
    {
      "epoch": 70.0,
      "grad_norm": 4.894464492797852,
      "learning_rate": 3.985000000000001e-06,
      "loss": 2.7429,
      "step": 210
    },
    {
      "epoch": 70.0,
      "eval_loss": 2.5246922969818115,
      "eval_runtime": 0.5615,
      "eval_samples_per_second": 10.686,
      "eval_steps_per_second": 1.781,
      "step": 210
    },
    {
      "epoch": 73.33333333333333,
      "grad_norm": 1.4714851379394531,
      "learning_rate": 3.9350000000000004e-06,
      "loss": 2.5763,
      "step": 220
    },
    {
      "epoch": 73.33333333333333,
      "eval_loss": 2.5146477222442627,
      "eval_runtime": 0.5508,
      "eval_samples_per_second": 10.892,
      "eval_steps_per_second": 1.815,
      "step": 220
    },
    {
      "epoch": 76.66666666666667,
      "grad_norm": 1.7657018899917603,
      "learning_rate": 3.885e-06,
      "loss": 2.4696,
      "step": 230
    },
    {
      "epoch": 76.66666666666667,
      "eval_loss": 2.5154802799224854,
      "eval_runtime": 0.5556,
      "eval_samples_per_second": 10.798,
      "eval_steps_per_second": 1.8,
      "step": 230
    },
    {
      "epoch": 80.0,
      "grad_norm": 3.4510321617126465,
      "learning_rate": 3.8350000000000006e-06,
      "loss": 2.4774,
      "step": 240
    },
    {
      "epoch": 80.0,
      "eval_loss": 2.499910593032837,
      "eval_runtime": 0.5599,
      "eval_samples_per_second": 10.715,
      "eval_steps_per_second": 1.786,
      "step": 240
    },
    {
      "epoch": 83.33333333333333,
      "grad_norm": 1.6591938734054565,
      "learning_rate": 3.785e-06,
      "loss": 2.5394,
      "step": 250
    },
    {
      "epoch": 83.33333333333333,
      "eval_loss": 2.5007524490356445,
      "eval_runtime": 0.5525,
      "eval_samples_per_second": 10.859,
      "eval_steps_per_second": 1.81,
      "step": 250
    },
    {
      "epoch": 86.66666666666667,
      "grad_norm": 1.6221139430999756,
      "learning_rate": 3.7350000000000002e-06,
      "loss": 2.6279,
      "step": 260
    },
    {
      "epoch": 86.66666666666667,
      "eval_loss": 2.4868717193603516,
      "eval_runtime": 0.5522,
      "eval_samples_per_second": 10.866,
      "eval_steps_per_second": 1.811,
      "step": 260
    },
    {
      "epoch": 90.0,
      "grad_norm": 2.2074780464172363,
      "learning_rate": 3.6850000000000003e-06,
      "loss": 2.4955,
      "step": 270
    },
    {
      "epoch": 90.0,
      "eval_loss": 2.4840145111083984,
      "eval_runtime": 0.5727,
      "eval_samples_per_second": 10.476,
      "eval_steps_per_second": 1.746,
      "step": 270
    },
    {
      "epoch": 93.33333333333333,
      "grad_norm": 1.7010966539382935,
      "learning_rate": 3.6350000000000003e-06,
      "loss": 2.4469,
      "step": 280
    },
    {
      "epoch": 93.33333333333333,
      "eval_loss": 2.4812395572662354,
      "eval_runtime": 0.556,
      "eval_samples_per_second": 10.791,
      "eval_steps_per_second": 1.798,
      "step": 280
    },
    {
      "epoch": 96.66666666666667,
      "grad_norm": 1.6656936407089233,
      "learning_rate": 3.585e-06,
      "loss": 2.5214,
      "step": 290
    },
    {
      "epoch": 96.66666666666667,
      "eval_loss": 2.474324941635132,
      "eval_runtime": 0.5534,
      "eval_samples_per_second": 10.842,
      "eval_steps_per_second": 1.807,
      "step": 290
    },
    {
      "epoch": 100.0,
      "grad_norm": 6.107362747192383,
      "learning_rate": 3.535e-06,
      "loss": 2.8219,
      "step": 300
    },
    {
      "epoch": 100.0,
      "eval_loss": 2.4654436111450195,
      "eval_runtime": 0.5649,
      "eval_samples_per_second": 10.622,
      "eval_steps_per_second": 1.77,
      "step": 300
    },
    {
      "epoch": 103.33333333333333,
      "grad_norm": 1.5973789691925049,
      "learning_rate": 3.485e-06,
      "loss": 2.3367,
      "step": 310
    },
    {
      "epoch": 103.33333333333333,
      "eval_loss": 2.467954397201538,
      "eval_runtime": 0.5742,
      "eval_samples_per_second": 10.448,
      "eval_steps_per_second": 1.741,
      "step": 310
    },
    {
      "epoch": 106.66666666666667,
      "grad_norm": 1.5636008977890015,
      "learning_rate": 3.4350000000000006e-06,
      "loss": 2.5557,
      "step": 320
    },
    {
      "epoch": 106.66666666666667,
      "eval_loss": 2.4542696475982666,
      "eval_runtime": 0.5539,
      "eval_samples_per_second": 10.832,
      "eval_steps_per_second": 1.805,
      "step": 320
    },
    {
      "epoch": 110.0,
      "grad_norm": 4.567295551300049,
      "learning_rate": 3.3850000000000006e-06,
      "loss": 2.4369,
      "step": 330
    },
    {
      "epoch": 110.0,
      "eval_loss": 2.4501218795776367,
      "eval_runtime": 0.5627,
      "eval_samples_per_second": 10.664,
      "eval_steps_per_second": 1.777,
      "step": 330
    },
    {
      "epoch": 113.33333333333333,
      "grad_norm": 1.4176121950149536,
      "learning_rate": 3.3350000000000003e-06,
      "loss": 2.5771,
      "step": 340
    },
    {
      "epoch": 113.33333333333333,
      "eval_loss": 2.446052312850952,
      "eval_runtime": 0.5556,
      "eval_samples_per_second": 10.8,
      "eval_steps_per_second": 1.8,
      "step": 340
    },
    {
      "epoch": 116.66666666666667,
      "grad_norm": 1.795819878578186,
      "learning_rate": 3.2850000000000003e-06,
      "loss": 2.4232,
      "step": 350
    },
    {
      "epoch": 116.66666666666667,
      "eval_loss": 2.4369308948516846,
      "eval_runtime": 0.5791,
      "eval_samples_per_second": 10.361,
      "eval_steps_per_second": 1.727,
      "step": 350
    },
    {
      "epoch": 120.0,
      "grad_norm": 3.8579018115997314,
      "learning_rate": 3.2350000000000004e-06,
      "loss": 2.413,
      "step": 360
    },
    {
      "epoch": 120.0,
      "eval_loss": 2.437204122543335,
      "eval_runtime": 0.5628,
      "eval_samples_per_second": 10.662,
      "eval_steps_per_second": 1.777,
      "step": 360
    },
    {
      "epoch": 123.33333333333333,
      "grad_norm": 1.5525010824203491,
      "learning_rate": 3.1850000000000004e-06,
      "loss": 2.3713,
      "step": 370
    },
    {
      "epoch": 123.33333333333333,
      "eval_loss": 2.4301583766937256,
      "eval_runtime": 0.5533,
      "eval_samples_per_second": 10.843,
      "eval_steps_per_second": 1.807,
      "step": 370
    },
    {
      "epoch": 126.66666666666667,
      "grad_norm": 1.5479589700698853,
      "learning_rate": 3.135e-06,
      "loss": 2.3729,
      "step": 380
    },
    {
      "epoch": 126.66666666666667,
      "eval_loss": 2.424550771713257,
      "eval_runtime": 0.5535,
      "eval_samples_per_second": 10.841,
      "eval_steps_per_second": 1.807,
      "step": 380
    },
    {
      "epoch": 130.0,
      "grad_norm": 4.706417560577393,
      "learning_rate": 3.085e-06,
      "loss": 2.3645,
      "step": 390
    },
    {
      "epoch": 130.0,
      "eval_loss": 2.422098159790039,
      "eval_runtime": 0.5601,
      "eval_samples_per_second": 10.712,
      "eval_steps_per_second": 1.785,
      "step": 390
    },
    {
      "epoch": 133.33333333333334,
      "grad_norm": 1.6357451677322388,
      "learning_rate": 3.035e-06,
      "loss": 2.3782,
      "step": 400
    },
    {
      "epoch": 133.33333333333334,
      "eval_loss": 2.42348575592041,
      "eval_runtime": 0.5553,
      "eval_samples_per_second": 10.804,
      "eval_steps_per_second": 1.801,
      "step": 400
    },
    {
      "epoch": 136.66666666666666,
      "grad_norm": 1.616629719734192,
      "learning_rate": 2.9850000000000002e-06,
      "loss": 2.2628,
      "step": 410
    },
    {
      "epoch": 136.66666666666666,
      "eval_loss": 2.423624277114868,
      "eval_runtime": 0.5526,
      "eval_samples_per_second": 10.857,
      "eval_steps_per_second": 1.81,
      "step": 410
    },
    {
      "epoch": 140.0,
      "grad_norm": 3.4989655017852783,
      "learning_rate": 2.9350000000000003e-06,
      "loss": 2.4182,
      "step": 420
    },
    {
      "epoch": 140.0,
      "eval_loss": 2.4162538051605225,
      "eval_runtime": 0.5813,
      "eval_samples_per_second": 10.322,
      "eval_steps_per_second": 1.72,
      "step": 420
    },
    {
      "epoch": 143.33333333333334,
      "grad_norm": 1.9139373302459717,
      "learning_rate": 2.885e-06,
      "loss": 2.4094,
      "step": 430
    },
    {
      "epoch": 143.33333333333334,
      "eval_loss": 2.4077370166778564,
      "eval_runtime": 0.553,
      "eval_samples_per_second": 10.851,
      "eval_steps_per_second": 1.808,
      "step": 430
    },
    {
      "epoch": 146.66666666666666,
      "grad_norm": 1.7905322313308716,
      "learning_rate": 2.835e-06,
      "loss": 2.3912,
      "step": 440
    },
    {
      "epoch": 146.66666666666666,
      "eval_loss": 2.3979270458221436,
      "eval_runtime": 0.5555,
      "eval_samples_per_second": 10.8,
      "eval_steps_per_second": 1.8,
      "step": 440
    },
    {
      "epoch": 150.0,
      "grad_norm": 5.968055725097656,
      "learning_rate": 2.7850000000000004e-06,
      "loss": 2.3059,
      "step": 450
    },
    {
      "epoch": 150.0,
      "eval_loss": 2.4031479358673096,
      "eval_runtime": 0.5595,
      "eval_samples_per_second": 10.724,
      "eval_steps_per_second": 1.787,
      "step": 450
    },
    {
      "epoch": 153.33333333333334,
      "grad_norm": 1.5880012512207031,
      "learning_rate": 2.7350000000000005e-06,
      "loss": 2.3525,
      "step": 460
    },
    {
      "epoch": 153.33333333333334,
      "eval_loss": 2.3998048305511475,
      "eval_runtime": 0.5827,
      "eval_samples_per_second": 10.297,
      "eval_steps_per_second": 1.716,
      "step": 460
    },
    {
      "epoch": 156.66666666666666,
      "grad_norm": 1.5966800451278687,
      "learning_rate": 2.6850000000000006e-06,
      "loss": 2.405,
      "step": 470
    },
    {
      "epoch": 156.66666666666666,
      "eval_loss": 2.4017255306243896,
      "eval_runtime": 0.5598,
      "eval_samples_per_second": 10.719,
      "eval_steps_per_second": 1.786,
      "step": 470
    },
    {
      "epoch": 160.0,
      "grad_norm": 3.524115562438965,
      "learning_rate": 2.635e-06,
      "loss": 2.287,
      "step": 480
    },
    {
      "epoch": 160.0,
      "eval_loss": 2.3894708156585693,
      "eval_runtime": 0.574,
      "eval_samples_per_second": 10.453,
      "eval_steps_per_second": 1.742,
      "step": 480
    },
    {
      "epoch": 163.33333333333334,
      "grad_norm": 1.656509518623352,
      "learning_rate": 2.5850000000000002e-06,
      "loss": 2.3906,
      "step": 490
    },
    {
      "epoch": 163.33333333333334,
      "eval_loss": 2.396758794784546,
      "eval_runtime": 0.5525,
      "eval_samples_per_second": 10.86,
      "eval_steps_per_second": 1.81,
      "step": 490
    },
    {
      "epoch": 166.66666666666666,
      "grad_norm": 1.5820839405059814,
      "learning_rate": 2.5350000000000003e-06,
      "loss": 2.3112,
      "step": 500
    },
    {
      "epoch": 166.66666666666666,
      "eval_loss": 2.383232355117798,
      "eval_runtime": 0.5647,
      "eval_samples_per_second": 10.625,
      "eval_steps_per_second": 1.771,
      "step": 500
    },
    {
      "epoch": 170.0,
      "grad_norm": NaN,
      "learning_rate": 2.4850000000000003e-06,
      "loss": 2.6599,
      "step": 510
    },
    {
      "epoch": 170.0,
      "eval_loss": 2.3778131008148193,
      "eval_runtime": 0.5642,
      "eval_samples_per_second": 10.635,
      "eval_steps_per_second": 1.773,
      "step": 510
    },
    {
      "epoch": 173.33333333333334,
      "grad_norm": 1.538587212562561,
      "learning_rate": 2.4400000000000004e-06,
      "loss": 2.3128,
      "step": 520
    },
    {
      "epoch": 173.33333333333334,
      "eval_loss": 2.371537208557129,
      "eval_runtime": 0.5675,
      "eval_samples_per_second": 10.572,
      "eval_steps_per_second": 1.762,
      "step": 520
    },
    {
      "epoch": 176.66666666666666,
      "grad_norm": 1.6026588678359985,
      "learning_rate": 2.39e-06,
      "loss": 2.4492,
      "step": 530
    },
    {
      "epoch": 176.66666666666666,
      "eval_loss": 2.370858907699585,
      "eval_runtime": 0.5559,
      "eval_samples_per_second": 10.794,
      "eval_steps_per_second": 1.799,
      "step": 530
    },
    {
      "epoch": 180.0,
      "grad_norm": 5.442071914672852,
      "learning_rate": 2.3400000000000005e-06,
      "loss": 2.3093,
      "step": 540
    },
    {
      "epoch": 180.0,
      "eval_loss": 2.375195264816284,
      "eval_runtime": 0.5657,
      "eval_samples_per_second": 10.607,
      "eval_steps_per_second": 1.768,
      "step": 540
    },
    {
      "epoch": 183.33333333333334,
      "grad_norm": 1.385411262512207,
      "learning_rate": 2.29e-06,
      "loss": 2.3448,
      "step": 550
    },
    {
      "epoch": 183.33333333333334,
      "eval_loss": 2.366694450378418,
      "eval_runtime": 0.5592,
      "eval_samples_per_second": 10.729,
      "eval_steps_per_second": 1.788,
      "step": 550
    },
    {
      "epoch": 186.66666666666666,
      "grad_norm": 1.7449893951416016,
      "learning_rate": 2.24e-06,
      "loss": 2.3906,
      "step": 560
    },
    {
      "epoch": 186.66666666666666,
      "eval_loss": 2.362839937210083,
      "eval_runtime": 0.5667,
      "eval_samples_per_second": 10.589,
      "eval_steps_per_second": 1.765,
      "step": 560
    },
    {
      "epoch": 190.0,
      "grad_norm": 5.477458477020264,
      "learning_rate": 2.19e-06,
      "loss": 2.2345,
      "step": 570
    },
    {
      "epoch": 190.0,
      "eval_loss": 2.3592355251312256,
      "eval_runtime": 0.5629,
      "eval_samples_per_second": 10.658,
      "eval_steps_per_second": 1.776,
      "step": 570
    },
    {
      "epoch": 193.33333333333334,
      "grad_norm": 1.365805745124817,
      "learning_rate": 2.1400000000000003e-06,
      "loss": 2.2401,
      "step": 580
    },
    {
      "epoch": 193.33333333333334,
      "eval_loss": 2.355041265487671,
      "eval_runtime": 0.5522,
      "eval_samples_per_second": 10.866,
      "eval_steps_per_second": 1.811,
      "step": 580
    },
    {
      "epoch": 196.66666666666666,
      "grad_norm": 1.5658000707626343,
      "learning_rate": 2.09e-06,
      "loss": 2.2503,
      "step": 590
    },
    {
      "epoch": 196.66666666666666,
      "eval_loss": 2.3549013137817383,
      "eval_runtime": 0.5522,
      "eval_samples_per_second": 10.865,
      "eval_steps_per_second": 1.811,
      "step": 590
    },
    {
      "epoch": 200.0,
      "grad_norm": 3.9673080444335938,
      "learning_rate": 2.04e-06,
      "loss": 2.198,
      "step": 600
    },
    {
      "epoch": 200.0,
      "eval_loss": 2.355041742324829,
      "eval_runtime": 0.5652,
      "eval_samples_per_second": 10.616,
      "eval_steps_per_second": 1.769,
      "step": 600
    },
    {
      "epoch": 203.33333333333334,
      "grad_norm": 1.7599538564682007,
      "learning_rate": 1.9900000000000004e-06,
      "loss": 2.2545,
      "step": 610
    },
    {
      "epoch": 203.33333333333334,
      "eval_loss": 2.349790334701538,
      "eval_runtime": 0.5533,
      "eval_samples_per_second": 10.844,
      "eval_steps_per_second": 1.807,
      "step": 610
    },
    {
      "epoch": 206.66666666666666,
      "grad_norm": 1.6683346033096313,
      "learning_rate": 1.94e-06,
      "loss": 2.2322,
      "step": 620
    },
    {
      "epoch": 206.66666666666666,
      "eval_loss": 2.3462696075439453,
      "eval_runtime": 0.5525,
      "eval_samples_per_second": 10.86,
      "eval_steps_per_second": 1.81,
      "step": 620
    },
    {
      "epoch": 210.0,
      "grad_norm": 4.394717693328857,
      "learning_rate": 1.8900000000000001e-06,
      "loss": 2.2523,
      "step": 630
    },
    {
      "epoch": 210.0,
      "eval_loss": 2.35174298286438,
      "eval_runtime": 0.5729,
      "eval_samples_per_second": 10.473,
      "eval_steps_per_second": 1.746,
      "step": 630
    },
    {
      "epoch": 213.33333333333334,
      "grad_norm": 1.6601697206497192,
      "learning_rate": 1.8400000000000002e-06,
      "loss": 2.254,
      "step": 640
    },
    {
      "epoch": 213.33333333333334,
      "eval_loss": 2.3465845584869385,
      "eval_runtime": 0.5526,
      "eval_samples_per_second": 10.859,
      "eval_steps_per_second": 1.81,
      "step": 640
    },
    {
      "epoch": 216.66666666666666,
      "grad_norm": 1.6112861633300781,
      "learning_rate": 1.79e-06,
      "loss": 2.1337,
      "step": 650
    },
    {
      "epoch": 216.66666666666666,
      "eval_loss": 2.3412351608276367,
      "eval_runtime": 0.5705,
      "eval_samples_per_second": 10.518,
      "eval_steps_per_second": 1.753,
      "step": 650
    },
    {
      "epoch": 220.0,
      "grad_norm": 7.118068695068359,
      "learning_rate": 1.74e-06,
      "loss": 2.2432,
      "step": 660
    },
    {
      "epoch": 220.0,
      "eval_loss": 2.3438215255737305,
      "eval_runtime": 0.5637,
      "eval_samples_per_second": 10.644,
      "eval_steps_per_second": 1.774,
      "step": 660
    },
    {
      "epoch": 223.33333333333334,
      "grad_norm": 1.6079697608947754,
      "learning_rate": 1.6900000000000003e-06,
      "loss": 2.2004,
      "step": 670
    },
    {
      "epoch": 223.33333333333334,
      "eval_loss": 2.3378827571868896,
      "eval_runtime": 0.5787,
      "eval_samples_per_second": 10.368,
      "eval_steps_per_second": 1.728,
      "step": 670
    },
    {
      "epoch": 226.66666666666666,
      "grad_norm": 1.528411865234375,
      "learning_rate": 1.6400000000000002e-06,
      "loss": 2.2276,
      "step": 680
    },
    {
      "epoch": 226.66666666666666,
      "eval_loss": 2.3360774517059326,
      "eval_runtime": 0.5549,
      "eval_samples_per_second": 10.813,
      "eval_steps_per_second": 1.802,
      "step": 680
    },
    {
      "epoch": 230.0,
      "grad_norm": 4.4719109535217285,
      "learning_rate": 1.5900000000000002e-06,
      "loss": 2.4326,
      "step": 690
    },
    {
      "epoch": 230.0,
      "eval_loss": 2.3311643600463867,
      "eval_runtime": 0.5613,
      "eval_samples_per_second": 10.69,
      "eval_steps_per_second": 1.782,
      "step": 690
    },
    {
      "epoch": 233.33333333333334,
      "grad_norm": 1.9934879541397095,
      "learning_rate": 1.54e-06,
      "loss": 2.1651,
      "step": 700
    },
    {
      "epoch": 233.33333333333334,
      "eval_loss": 2.33785080909729,
      "eval_runtime": 0.5542,
      "eval_samples_per_second": 10.827,
      "eval_steps_per_second": 1.804,
      "step": 700
    },
    {
      "epoch": 236.66666666666666,
      "grad_norm": 1.7993230819702148,
      "learning_rate": 1.4900000000000001e-06,
      "loss": 2.1946,
      "step": 710
    },
    {
      "epoch": 236.66666666666666,
      "eval_loss": 2.3288042545318604,
      "eval_runtime": 0.5718,
      "eval_samples_per_second": 10.493,
      "eval_steps_per_second": 1.749,
      "step": 710
    },
    {
      "epoch": 240.0,
      "grad_norm": 4.211192607879639,
      "learning_rate": 1.44e-06,
      "loss": 2.1442,
      "step": 720
    },
    {
      "epoch": 240.0,
      "eval_loss": 2.3278963565826416,
      "eval_runtime": 0.5641,
      "eval_samples_per_second": 10.637,
      "eval_steps_per_second": 1.773,
      "step": 720
    },
    {
      "epoch": 243.33333333333334,
      "grad_norm": 1.8001136779785156,
      "learning_rate": 1.3900000000000002e-06,
      "loss": 2.2639,
      "step": 730
    },
    {
      "epoch": 243.33333333333334,
      "eval_loss": 2.3270246982574463,
      "eval_runtime": 0.5523,
      "eval_samples_per_second": 10.864,
      "eval_steps_per_second": 1.811,
      "step": 730
    },
    {
      "epoch": 246.66666666666666,
      "grad_norm": 1.661539077758789,
      "learning_rate": 1.34e-06,
      "loss": 2.2385,
      "step": 740
    },
    {
      "epoch": 246.66666666666666,
      "eval_loss": 2.330754280090332,
      "eval_runtime": 0.5533,
      "eval_samples_per_second": 10.844,
      "eval_steps_per_second": 1.807,
      "step": 740
    },
    {
      "epoch": 250.0,
      "grad_norm": 4.487290859222412,
      "learning_rate": 1.2900000000000001e-06,
      "loss": 2.1709,
      "step": 750
    },
    {
      "epoch": 250.0,
      "eval_loss": 2.3252174854278564,
      "eval_runtime": 0.5619,
      "eval_samples_per_second": 10.678,
      "eval_steps_per_second": 1.78,
      "step": 750
    },
    {
      "epoch": 253.33333333333334,
      "grad_norm": 1.8447685241699219,
      "learning_rate": 1.2400000000000002e-06,
      "loss": 2.2275,
      "step": 760
    },
    {
      "epoch": 253.33333333333334,
      "eval_loss": 2.3258249759674072,
      "eval_runtime": 0.5601,
      "eval_samples_per_second": 10.712,
      "eval_steps_per_second": 1.785,
      "step": 760
    },
    {
      "epoch": 256.6666666666667,
      "grad_norm": 1.5384060144424438,
      "learning_rate": 1.19e-06,
      "loss": 2.1038,
      "step": 770
    },
    {
      "epoch": 256.6666666666667,
      "eval_loss": 2.3171098232269287,
      "eval_runtime": 0.5525,
      "eval_samples_per_second": 10.86,
      "eval_steps_per_second": 1.81,
      "step": 770
    },
    {
      "epoch": 260.0,
      "grad_norm": 4.3061957359313965,
      "learning_rate": 1.14e-06,
      "loss": 2.1623,
      "step": 780
    },
    {
      "epoch": 260.0,
      "eval_loss": 2.3221590518951416,
      "eval_runtime": 0.5895,
      "eval_samples_per_second": 10.177,
      "eval_steps_per_second": 1.696,
      "step": 780
    },
    {
      "epoch": 263.3333333333333,
      "grad_norm": 1.9459786415100098,
      "learning_rate": 1.0900000000000002e-06,
      "loss": 2.1736,
      "step": 790
    },
    {
      "epoch": 263.3333333333333,
      "eval_loss": 2.319862127304077,
      "eval_runtime": 0.5525,
      "eval_samples_per_second": 10.859,
      "eval_steps_per_second": 1.81,
      "step": 790
    },
    {
      "epoch": 266.6666666666667,
      "grad_norm": 1.6390231847763062,
      "learning_rate": 1.04e-06,
      "loss": 2.1373,
      "step": 800
    },
    {
      "epoch": 266.6666666666667,
      "eval_loss": 2.3219988346099854,
      "eval_runtime": 0.555,
      "eval_samples_per_second": 10.811,
      "eval_steps_per_second": 1.802,
      "step": 800
    },
    {
      "epoch": 270.0,
      "grad_norm": 3.3181071281433105,
      "learning_rate": 9.9e-07,
      "loss": 2.1996,
      "step": 810
    },
    {
      "epoch": 270.0,
      "eval_loss": 2.318002939224243,
      "eval_runtime": 0.5605,
      "eval_samples_per_second": 10.706,
      "eval_steps_per_second": 1.784,
      "step": 810
    },
    {
      "epoch": 273.3333333333333,
      "grad_norm": 1.7213802337646484,
      "learning_rate": 9.400000000000001e-07,
      "loss": 2.2146,
      "step": 820
    },
    {
      "epoch": 273.3333333333333,
      "eval_loss": 2.3187577724456787,
      "eval_runtime": 0.571,
      "eval_samples_per_second": 10.507,
      "eval_steps_per_second": 1.751,
      "step": 820
    },
    {
      "epoch": 276.6666666666667,
      "grad_norm": 1.5458570718765259,
      "learning_rate": 8.900000000000001e-07,
      "loss": 2.1662,
      "step": 830
    },
    {
      "epoch": 276.6666666666667,
      "eval_loss": 2.3149144649505615,
      "eval_runtime": 0.5547,
      "eval_samples_per_second": 10.816,
      "eval_steps_per_second": 1.803,
      "step": 830
    },
    {
      "epoch": 280.0,
      "grad_norm": 6.580028057098389,
      "learning_rate": 8.400000000000001e-07,
      "loss": 2.1481,
      "step": 840
    },
    {
      "epoch": 280.0,
      "eval_loss": 2.3209705352783203,
      "eval_runtime": 0.5634,
      "eval_samples_per_second": 10.65,
      "eval_steps_per_second": 1.775,
      "step": 840
    },
    {
      "epoch": 283.3333333333333,
      "grad_norm": 1.725210428237915,
      "learning_rate": 7.900000000000001e-07,
      "loss": 2.1867,
      "step": 850
    },
    {
      "epoch": 283.3333333333333,
      "eval_loss": 2.3103764057159424,
      "eval_runtime": 0.5527,
      "eval_samples_per_second": 10.856,
      "eval_steps_per_second": 1.809,
      "step": 850
    },
    {
      "epoch": 286.6666666666667,
      "grad_norm": 1.584710717201233,
      "learning_rate": 7.4e-07,
      "loss": 2.1498,
      "step": 860
    },
    {
      "epoch": 286.6666666666667,
      "eval_loss": 2.3146417140960693,
      "eval_runtime": 0.5795,
      "eval_samples_per_second": 10.354,
      "eval_steps_per_second": 1.726,
      "step": 860
    },
    {
      "epoch": 290.0,
      "grad_norm": 4.309724807739258,
      "learning_rate": 6.900000000000001e-07,
      "loss": 2.1198,
      "step": 870
    },
    {
      "epoch": 290.0,
      "eval_loss": 2.316554307937622,
      "eval_runtime": 0.5656,
      "eval_samples_per_second": 10.607,
      "eval_steps_per_second": 1.768,
      "step": 870
    },
    {
      "epoch": 293.3333333333333,
      "grad_norm": 1.9851340055465698,
      "learning_rate": 6.4e-07,
      "loss": 2.1377,
      "step": 880
    },
    {
      "epoch": 293.3333333333333,
      "eval_loss": 2.3144571781158447,
      "eval_runtime": 0.5542,
      "eval_samples_per_second": 10.827,
      "eval_steps_per_second": 1.804,
      "step": 880
    },
    {
      "epoch": 296.6666666666667,
      "grad_norm": 1.8038629293441772,
      "learning_rate": 5.900000000000001e-07,
      "loss": 2.2841,
      "step": 890
    },
    {
      "epoch": 296.6666666666667,
      "eval_loss": 2.3170406818389893,
      "eval_runtime": 0.5512,
      "eval_samples_per_second": 10.886,
      "eval_steps_per_second": 1.814,
      "step": 890
    },
    {
      "epoch": 300.0,
      "grad_norm": 4.4260149002075195,
      "learning_rate": 5.4e-07,
      "loss": 2.1442,
      "step": 900
    },
    {
      "epoch": 300.0,
      "eval_loss": 2.3164713382720947,
      "eval_runtime": 0.5674,
      "eval_samples_per_second": 10.575,
      "eval_steps_per_second": 1.763,
      "step": 900
    },
    {
      "epoch": 303.3333333333333,
      "grad_norm": 1.9182301759719849,
      "learning_rate": 4.900000000000001e-07,
      "loss": 2.1125,
      "step": 910
    },
    {
      "epoch": 303.3333333333333,
      "eval_loss": 2.309555768966675,
      "eval_runtime": 0.5556,
      "eval_samples_per_second": 10.799,
      "eval_steps_per_second": 1.8,
      "step": 910
    },
    {
      "epoch": 306.6666666666667,
      "grad_norm": 1.627510905265808,
      "learning_rate": 4.4e-07,
      "loss": 2.1777,
      "step": 920
    },
    {
      "epoch": 306.6666666666667,
      "eval_loss": 2.3218986988067627,
      "eval_runtime": 0.5519,
      "eval_samples_per_second": 10.872,
      "eval_steps_per_second": 1.812,
      "step": 920
    },
    {
      "epoch": 310.0,
      "grad_norm": 4.884863376617432,
      "learning_rate": 3.9e-07,
      "loss": 2.0648,
      "step": 930
    },
    {
      "epoch": 310.0,
      "eval_loss": 2.3168413639068604,
      "eval_runtime": 0.5926,
      "eval_samples_per_second": 10.125,
      "eval_steps_per_second": 1.687,
      "step": 930
    },
    {
      "epoch": 313.3333333333333,
      "grad_norm": 1.6510980129241943,
      "learning_rate": 3.4000000000000003e-07,
      "loss": 2.1494,
      "step": 940
    },
    {
      "epoch": 313.3333333333333,
      "eval_loss": 2.3128111362457275,
      "eval_runtime": 0.5677,
      "eval_samples_per_second": 10.569,
      "eval_steps_per_second": 1.761,
      "step": 940
    },
    {
      "epoch": 316.6666666666667,
      "grad_norm": 1.7400360107421875,
      "learning_rate": 2.9000000000000003e-07,
      "loss": 2.1376,
      "step": 950
    },
    {
      "epoch": 316.6666666666667,
      "eval_loss": 2.314397096633911,
      "eval_runtime": 0.5564,
      "eval_samples_per_second": 10.783,
      "eval_steps_per_second": 1.797,
      "step": 950
    },
    {
      "epoch": 320.0,
      "grad_norm": 4.266226291656494,
      "learning_rate": 2.4000000000000003e-07,
      "loss": 2.4596,
      "step": 960
    },
    {
      "epoch": 320.0,
      "eval_loss": 2.311548948287964,
      "eval_runtime": 0.5677,
      "eval_samples_per_second": 10.568,
      "eval_steps_per_second": 1.761,
      "step": 960
    },
    {
      "epoch": 323.3333333333333,
      "grad_norm": 1.8243542909622192,
      "learning_rate": 1.9e-07,
      "loss": 2.1772,
      "step": 970
    },
    {
      "epoch": 323.3333333333333,
      "eval_loss": 2.3070805072784424,
      "eval_runtime": 0.5711,
      "eval_samples_per_second": 10.507,
      "eval_steps_per_second": 1.751,
      "step": 970
    },
    {
      "epoch": 326.6666666666667,
      "grad_norm": 1.6186013221740723,
      "learning_rate": 1.4e-07,
      "loss": 2.206,
      "step": 980
    },
    {
      "epoch": 326.6666666666667,
      "eval_loss": 2.309666872024536,
      "eval_runtime": 0.5528,
      "eval_samples_per_second": 10.853,
      "eval_steps_per_second": 1.809,
      "step": 980
    },
    {
      "epoch": 330.0,
      "grad_norm": 7.593508720397949,
      "learning_rate": 9e-08,
      "loss": 2.2131,
      "step": 990
    },
    {
      "epoch": 330.0,
      "eval_loss": 2.313650131225586,
      "eval_runtime": 0.5595,
      "eval_samples_per_second": 10.725,
      "eval_steps_per_second": 1.787,
      "step": 990
    },
    {
      "epoch": 333.3333333333333,
      "grad_norm": 1.6994869709014893,
      "learning_rate": 4e-08,
      "loss": 2.1575,
      "step": 1000
    },
    {
      "epoch": 333.3333333333333,
      "eval_loss": 2.314901113510132,
      "eval_runtime": 0.5553,
      "eval_samples_per_second": 10.804,
      "eval_steps_per_second": 1.801,
      "step": 1000
    }
  ],
  "logging_steps": 10,
  "max_steps": 1000,
  "num_input_tokens_seen": 0,
  "num_train_epochs": 334,
  "save_steps": 50,
  "stateful_callbacks": {
    "TrainerControl": {
      "args": {
        "should_epoch_stop": false,
        "should_evaluate": false,
        "should_log": false,
        "should_save": true,
        "should_training_stop": true
      },
      "attributes": {}
    }
  },
  "total_flos": 2.2279920858169344e+16,
  "train_batch_size": 10,
  "trial_name": null,
  "trial_params": null
}
